{"chunk_definitions":[{"chunk_id":"cqzn99y8ewny6","chunk_label":"unnamed-chunk-2","document_id":null,"expansion_state":0,"options":[],"row":19,"row_count":1,"visible":true},{"chunk_id":"cuddk4gy4bvnk","chunk_label":"unnamed-chunk-3","document_id":null,"expansion_state":0,"options":[],"row":24,"row_count":1,"visible":true},{"chunk_id":"c7d8iyp38te48","chunk_label":"unnamed-chunk-4","document_id":null,"expansion_state":0,"options":[],"row":29,"row_count":1,"visible":true},{"chunk_id":"c05iqhanixxeq","chunk_label":"unnamed-chunk-5","document_id":null,"expansion_state":0,"options":[],"row":46,"row_count":1,"visible":true},{"chunk_id":"cbiijvi5thyaa","chunk_label":"unnamed-chunk-6","document_id":null,"expansion_state":0,"options":[],"row":52,"row_count":1,"visible":true},{"chunk_id":"c4l493bddqenp","chunk_label":"unnamed-chunk-7","document_id":null,"expansion_state":0,"options":[],"row":79,"row_count":1,"visible":true}],"doc_write_time":1568796758}