{"chunk_definitions":[{"chunk_id":"c4rus7qmsuyrg","chunk_label":"unnamed-chunk-5","document_id":"78D1BA4E","expansion_state":0,"options":{"engine":"r","label":"unnamed-chunk-9","warning":false},"row":86,"row_count":1,"visible":true},{"chunk_id":"ca4lj5k8dm165","chunk_label":"unnamed-chunk-6","document_id":"78D1BA4E","expansion_state":0,"options":{"engine":"r","label":"unnamed-chunk-11","warning":false},"row":96,"row_count":1,"visible":true},{"chunk_id":"cabuohaqexdux","chunk_label":"unnamed-chunk-7","document_id":"78D1BA4E","expansion_state":0,"options":{"engine":"r","label":"unnamed-chunk-12"},"row":104,"row_count":1,"visible":true},{"chunk_id":"cg8kao0wn09ka","chunk_label":"pressure","document_id":"78D1BA4E","expansion_state":0,"options":{"echo":false,"engine":"r","label":"pressure"},"row":116,"row_count":1,"visible":true},{"chunk_id":"cl4oi4sjbungz","chunk_label":"unnamed-chunk-8","document_id":"78D1BA4E","expansion_state":0,"options":{"engine":"r","label":"unnamed-chunk-15","warning":false},"row":125,"row_count":1,"visible":true},{"chunk_id":"cnhiqj6uou6nz","chunk_label":"unnamed-chunk-9","document_id":"78D1BA4E","expansion_state":0,"options":{"engine":"r","fig.height":5,"fig.width":6,"label":"unnamed-chunk-16","warning":false},"row":131,"row_count":1,"visible":true}],"doc_write_time":1569487076}