{"chunk_definitions":[{"chunk_id":"cnm80iqypsfmm","chunk_label":"unnamed-chunk-1","document_id":null,"expansion_state":0,"options":[],"row":22,"row_count":1,"visible":true},{"chunk_id":"czo9way0ep5j9","chunk_label":"unnamed-chunk-2","document_id":null,"expansion_state":0,"options":[],"row":28,"row_count":1,"visible":true},{"chunk_id":"cgjfyln9pjn5a","chunk_label":"unnamed-chunk-3","document_id":null,"expansion_state":0,"options":[],"row":76,"row_count":1,"visible":true},{"chunk_id":"ct6ynper8dsdv","chunk_label":"unnamed-chunk-4","document_id":null,"expansion_state":0,"options":[],"row":90,"row_count":1,"visible":true},{"chunk_id":"c9zarr1870js2","chunk_label":"unnamed-chunk-5","document_id":null,"expansion_state":0,"options":[],"row":103,"row_count":1,"visible":true}],"doc_write_time":1569331817}