{"chunk_definitions":[{"chunk_id":"ckdphzbm8hp0y","chunk_label":"unnamed-chunk-1","document_id":null,"expansion_state":0,"options":[],"row":8,"row_count":1,"visible":true},{"chunk_id":"cnd4wfgfo5lp8","chunk_label":"unnamed-chunk-2","document_id":null,"expansion_state":0,"options":[],"row":131,"row_count":1,"visible":true},{"chunk_id":"cp1jsdvwtitsc","chunk_label":"unnamed-chunk-3","document_id":null,"expansion_state":0,"options":[],"row":194,"row_count":1,"visible":true},{"chunk_id":"c0obz7z5zz6q9","chunk_label":"unnamed-chunk-4","document_id":null,"expansion_state":0,"options":[],"row":228,"row_count":1,"visible":true},{"chunk_id":"col9btaxg5v8q","chunk_label":"unnamed-chunk-5","document_id":null,"expansion_state":0,"options":[],"row":272,"row_count":1,"visible":true},{"chunk_id":"cukbznossbllb","chunk_label":"unnamed-chunk-6","document_id":null,"expansion_state":0,"options":[],"row":456,"row_count":1,"visible":true},{"chunk_id":"c1cedmdygftfy","chunk_label":"unnamed-chunk-7","document_id":null,"expansion_state":0,"options":[],"row":466,"row_count":1,"visible":true},{"chunk_id":"ck1ri0jen12kt","chunk_label":"unnamed-chunk-8","document_id":null,"expansion_state":0,"options":[],"row":477,"row_count":1,"visible":true},{"chunk_id":"c0bcy8urw536v","chunk_label":"unnamed-chunk-9","document_id":null,"expansion_state":0,"options":[],"row":501,"row_count":1,"visible":true},{"chunk_id":"c1xjm17dugpik","chunk_label":"unnamed-chunk-10","document_id":null,"expansion_state":0,"options":[],"row":514,"row_count":1,"visible":true},{"chunk_id":"ctd17qhspymyd","chunk_label":"unnamed-chunk-11","document_id":null,"expansion_state":0,"options":[],"row":532,"row_count":1,"visible":true},{"chunk_id":"c7frgc7xi5v14","chunk_label":"unnamed-chunk-12","document_id":null,"expansion_state":0,"options":[],"row":625,"row_count":1,"visible":true},{"chunk_id":"c184xe3j4g6ls","chunk_label":"unnamed-chunk-13","document_id":null,"expansion_state":0,"options":[],"row":662,"row_count":1,"visible":true},{"chunk_id":"cxbd98b6dpe75","chunk_label":"unnamed-chunk-14","document_id":null,"expansion_state":0,"options":[],"row":686,"row_count":1,"visible":true},{"chunk_id":"carprrl8mrlkw","chunk_label":"unnamed-chunk-15","document_id":null,"expansion_state":0,"options":[],"row":886,"row_count":1,"visible":true},{"chunk_id":"cfpbslph20dgq","chunk_label":"unnamed-chunk-16","document_id":null,"expansion_state":0,"options":[],"row":937,"row_count":1,"visible":true},{"chunk_id":"co7nn4nbf4ebg","chunk_label":"unnamed-chunk-17","document_id":null,"expansion_state":0,"options":[],"row":973,"row_count":1,"visible":true},{"chunk_id":"cxixpr1xbnke4","chunk_label":"unnamed-chunk-18","document_id":null,"expansion_state":0,"options":[],"row":1017,"row_count":1,"visible":true},{"chunk_id":"cceiopgwd1ook","chunk_label":"unnamed-chunk-19","document_id":null,"expansion_state":0,"options":[],"row":1040,"row_count":1,"visible":true}],"doc_write_time":1568899998}