{"chunk_definitions":[{"chunk_id":"cmw73w33yfbyh","chunk_label":"unnamed-chunk-1","document_id":null,"expansion_state":0,"options":[],"row":8,"row_count":1,"visible":true},{"chunk_id":"cm0efahmu4tln","chunk_label":"unnamed-chunk-2","document_id":null,"expansion_state":0,"options":[],"row":128,"row_count":1,"visible":true},{"chunk_id":"c8az9gmtblqmv","chunk_label":"unnamed-chunk-3","document_id":null,"expansion_state":0,"options":[],"row":188,"row_count":1,"visible":true},{"chunk_id":"cvs98airm1kz4","chunk_label":"unnamed-chunk-4","document_id":null,"expansion_state":0,"options":[],"row":222,"row_count":1,"visible":true},{"chunk_id":"cefxrgf9yy29y","chunk_label":"unnamed-chunk-5","document_id":null,"expansion_state":0,"options":[],"row":266,"row_count":1,"visible":true},{"chunk_id":"cww0azqtrw92z","chunk_label":"unnamed-chunk-6","document_id":null,"expansion_state":0,"options":[],"row":445,"row_count":1,"visible":true},{"chunk_id":"c1x0xlea3o6jt","chunk_label":"unnamed-chunk-7","document_id":null,"expansion_state":0,"options":[],"row":455,"row_count":1,"visible":true},{"chunk_id":"clyrnq16rzspx","chunk_label":"unnamed-chunk-8","document_id":null,"expansion_state":0,"options":[],"row":466,"row_count":1,"visible":true},{"chunk_id":"cko7t3qwhq9cz","chunk_label":"unnamed-chunk-9","document_id":null,"expansion_state":0,"options":[],"row":490,"row_count":1,"visible":true},{"chunk_id":"cbdpfolhnowpw","chunk_label":"unnamed-chunk-10","document_id":null,"expansion_state":0,"options":[],"row":503,"row_count":1,"visible":true},{"chunk_id":"cdtdoya9s0545","chunk_label":"unnamed-chunk-11","document_id":null,"expansion_state":0,"options":[],"row":521,"row_count":1,"visible":true},{"chunk_id":"chciqwlppt0cz","chunk_label":"unnamed-chunk-12","document_id":null,"expansion_state":0,"options":[],"row":614,"row_count":1,"visible":true},{"chunk_id":"c05b6lspg78a2","chunk_label":"unnamed-chunk-13","document_id":null,"expansion_state":0,"options":[],"row":651,"row_count":1,"visible":true},{"chunk_id":"c7kw7t00ztkt9","chunk_label":"unnamed-chunk-14","document_id":null,"expansion_state":0,"options":[],"row":675,"row_count":1,"visible":true},{"chunk_id":"c8bte9o9ykach","chunk_label":"unnamed-chunk-15","document_id":null,"expansion_state":0,"options":[],"row":875,"row_count":1,"visible":true},{"chunk_id":"cdbwpaegluiyg","chunk_label":"unnamed-chunk-16","document_id":null,"expansion_state":0,"options":[],"row":926,"row_count":1,"visible":true},{"chunk_id":"cwearzg71ljrq","chunk_label":"unnamed-chunk-17","document_id":null,"expansion_state":0,"options":[],"row":964,"row_count":1,"visible":true},{"chunk_id":"cn7k9si5o3l1w","chunk_label":"unnamed-chunk-18","document_id":null,"expansion_state":0,"options":[],"row":1008,"row_count":1,"visible":true},{"chunk_id":"cqwjfdsdj3req","chunk_label":"unnamed-chunk-19","document_id":null,"expansion_state":0,"options":[],"row":1031,"row_count":1,"visible":true}],"doc_write_time":1564648376}